{"v":"4.8.0","meta":{"g":"LottieFiles AE ","a":"","k":"","d":"","tc":""},"fr":60,"ip":0,"op":249,"w":1000,"h":1000,"nm":"coffee","ddd":0,"assets":[],"layers":[{"ddd":0,"ind":1,"ty":4,"nm":"dripper base top shadow Outlines","sr":1,"ks":{"o":{"a":0,"k":100,"ix":11},"r":{"a":0,"k":0,"ix":10},"p":{"a":0,"k":[463.035,482.889,0],"ix":2},"a":{"a":0,"k":[31.275,5.25,0],"ix":1},"s":{"a":0,"k":[100,100,100],"ix":6}},"ao":0,"shapes":[{"ty":"gr","it":[{"ind":0,"ty":"sh","ix":1,"ks":{"a":0,"k":{"i":[[31.025,5],[-31.025,5],[-26.548,-5],[31.025,-5]],"o":[[31.025,5],[-31.025,-0.5229999999999997],[-21.025,-5],[31.025,-5]],"v":[[31.025,5],[-31.025,5],[-21.025,-5],[31.025,-5]],"c":true},"ix":2},"nm":"Path 1","mn":"ADBE Vector Shape - Group","hd":false,"_render":true},{"ty":"fl","c":{"a":0,"k":[0.6549,0.5725,0.4667,1],"ix":4},"o":{"a":0,"k":100,"ix":5},"r":1,"bm":0,"nm":"Fill 1","mn":"ADBE Vector Graphic - Fill","hd":false,"_render":true},{"ty":"tr","p":{"a":0,"k":[31.275,5.25],"ix":2},"a":{"a":0,"k":[0,0],"ix":1},"s":{"a":0,"k":[100,100],"ix":3},"r":{"a":0,"k":0,"ix":6},"o":{"a":0,"k":100,"ix":7},"sk":{"a":0,"k":0,"ix":4},"sa":{"a":0,"k":0,"ix":5},"nm":"Transform","_render":true}],"nm":"Group 1","np":4,"cix":2,"bm":0,"ix":1,"mn":"ADBE Vector Group","hd":false,"_render":true}],"ip":0,"op":249,"st":0,"bm":0,"completed":true},{"ddd":0,"ind":2,"ty":4,"nm":"dripper base bottom shadow Outlines","sr":1,"ks":{"o":{"a":0,"k":100,"ix":11},"r":{"a":0,"k":0,"ix":10},"p":{"a":0,"k":[374.14,504.321,0],"ix":2},"a":{"a":0,"k":[120.171,10.469,0],"ix":1},"s":{"a":0,"k":[100,100,100],"ix":6}},"ao":0,"shapes":[{"ty":"gr","it":[{"ind":0,"ty":"sh","ix":1,"ks":{"a":0,"k":{"i":[[119.921,10.219],[-119.921,10.219],[-119.921,4.782],[-113.20500000000001,-10.219],[119.921,-10.219]],"o":[[119.921,10.219],[-119.921,10.219],[-119.921,-3.503],[-104.921,-10.219],[119.921,-10.219]],"v":[[119.921,10.219],[-119.921,10.219],[-119.921,4.782],[-104.921,-10.219],[119.921,-10.219]],"c":true},"ix":2},"nm":"Path 1","mn":"ADBE Vector Shape - Group","hd":false,"_render":true},{"ty":"fl","c":{"a":0,"k":[0.6549,0.5725,0.4667,1],"ix":4},"o":{"a":0,"k":100,"ix":5},"r":1,"bm":0,"nm":"Fill 1","mn":"ADBE Vector Graphic - Fill","hd":false,"_render":true},{"ty":"tr","p":{"a":0,"k":[120.17,10.469],"ix":2},"a":{"a":0,"k":[0,0],"ix":1},"s":{"a":0,"k":[100,100],"ix":3},"r":{"a":0,"k":0,"ix":6},"o":{"a":0,"k":100,"ix":7},"sk":{"a":0,"k":0,"ix":4},"sa":{"a":0,"k":0,"ix":5},"nm":"Transform","_render":true}],"nm":"Group 1","np":4,"cix":2,"bm":0,"ix":1,"mn":"ADBE Vector Group","hd":false,"_render":true}],"ip":0,"op":249,"st":0,"bm":0,"completed":true},{"ddd":0,"ind":3,"ty":4,"nm":"dripper handle Outlines","sr":1,"ks":{"o":{"a":0,"k":100,"ix":11},"r":{"a":0,"k":0,"ix":10},"p":{"a":0,"k":[343.959,321.268,0],"ix":2},"a":{"a":0,"k":[100.58,117.476,0],"ix":1},"s":{"a":0,"k":[100,100,100],"ix":6}},"ao":0,"shapes":[{"ty":"gr","it":[{"ind":0,"ty":"sh","ix":1,"ks":{"a":0,"k":{"i":[[81.956,94.366],[74.204,93.283],[29.862,80.146],[-41.021,23.992],[-62.867999999999995,-55.819],[-37.427,-90.99100000000001],[-33.135,-104.975],[-52.58,-90.78999999999999],[-58.946000000000005,35.809],[61.54600000000001,103.136]],"o":[[78.11,93.905],[50.232,88.465],[-18.337,49.66],[-63.544000000000004,-30.488],[-45.101,-83.908],[-28.123,-96.296],[-43.709999999999994,-98.949],[-88.081,-34.662],[32.815,93.84700000000001],[88.081,104.975]],"v":[[81.956,94.366],[70.249,92.488],[11.34,68.431],[-52.529,-3.845],[-50.626,-75.173],[-28.123,-96.296],[-33.135,-104.975],[-59.077,-80.517],[5.995,76.884],[88.081,104.975]],"c":true},"ix":2},"nm":"Path 1","mn":"ADBE Vector Shape - Group","hd":false,"_render":true},{"ty":"st","c":{"a":0,"k":[0.25,0.245,0.255,1],"ix":3},"o":{"a":0,"k":100,"ix":4},"w":{"a":0,"k":5,"ix":5},"lc":1,"lj":1,"ml":10,"bm":0,"nm":"Stroke 1","mn":"ADBE Vector Graphic - Stroke","hd":false,"_render":true},{"ty":"tr","p":{"a":0,"k":[100.581,117.475],"ix":2},"a":{"a":0,"k":[0,0],"ix":1},"s":{"a":0,"k":[100,100],"ix":3},"r":{"a":0,"k":0,"ix":6},"o":{"a":0,"k":100,"ix":7},"sk":{"a":0,"k":0,"ix":4},"sa":{"a":0,"k":0,"ix":5},"nm":"Transform","_render":true}],"nm":"Group 1","np":2,"cix":2,"bm":0,"ix":1,"mn":"ADBE Vector Group","hd":false,"_render":true},{"ty":"gr","it":[{"ind":0,"ty":"sh","ix":1,"ks":{"a":0,"k":{"i":[[81.956,94.366],[74.204,93.283],[29.862,80.146],[-41.021,23.992],[-62.867999999999995,-55.819],[-37.427,-90.99100000000001],[-33.135,-104.975],[-52.58,-90.78999999999999],[-58.946000000000005,35.809],[61.54600000000001,103.136]],"o":[[78.11,93.905],[50.232,88.465],[-18.337,49.66],[-63.544000000000004,-30.488],[-45.101,-83.908],[-28.123,-96.296],[-43.709999999999994,-98.949],[-88.081,-34.662],[32.815,93.84700000000001],[88.081,104.975]],"v":[[81.956,94.366],[70.249,92.488],[11.34,68.431],[-52.529,-3.845],[-50.626,-75.173],[-28.123,-96.296],[-33.135,-104.975],[-59.077,-80.517],[5.995,76.884],[88.081,104.975]],"c":true},"ix":2},"nm":"Path 1","mn":"ADBE Vector Shape - Group","hd":false,"_render":true},{"ty":"fl","c":{"a":0,"k":[0.7796,0.7193,0.6404,1],"ix":4},"o":{"a":0,"k":100,"ix":5},"r":1,"bm":0,"nm":"Fill 1","mn":"ADBE Vector Graphic - Fill","hd":false,"_render":true},{"ty":"tr","p":{"a":0,"k":[100.581,117.475],"ix":2},"a":{"a":0,"k":[0,0],"ix":1},"s":{"a":0,"k":[100,100],"ix":3},"r":{"a":0,"k":0,"ix":6},"o":{"a":0,"k":100,"ix":7},"sk":{"a":0,"k":0,"ix":4},"sa":{"a":0,"k":0,"ix":5},"nm":"Transform","_render":true}],"nm":"Group 2","np":4,"cix":2,"bm":0,"ix":2,"mn":"ADBE Vector Group","hd":false,"_render":true}],"ip":0,"op":249,"st":0,"bm":0,"completed":true},{"ddd":0,"ind":4,"ty":4,"nm":"Layer 8 Outlines","sr":1,"ks":{"o":{"a":0,"k":100,"ix":11},"r":{"a":0,"k":0,"ix":10},"p":{"a":0,"k":[855.245,914.098,0],"ix":2},"a":{"a":0,"k":[6.309,2.75,0],"ix":1},"s":{"a":0,"k":[100,100,100],"ix":6}},"ao":0,"shapes":[{"ty":"gr","it":[{"ind":0,"ty":"sh","ix":1,"ks":{"a":0,"k":{"i":[[-4.898,2.5],[2.632,2.5],[3.498,2.5],[6.059,1.35],[4.9,-2.5],[-2.631,-2.5],[-3.497,-2.5],[-6.058,-1.351]],"o":[[-3.497,2.5],[2.632,2.5],[4.806,2.5],[5.938000000000001,-1.354],[3.498,-2.5],[-2.631,-2.5],[-4.805,-2.5],[-5.936,1.354]],"v":[[-3.497,2.5],[2.632,2.5],[3.498,2.5],[5.998,0],[3.498,-2.5],[-2.631,-2.5],[-3.497,-2.5],[-5.997,0]],"c":true},"ix":2},"nm":"Path 1","mn":"ADBE Vector Shape - Group","hd":false,"_render":true},{"ty":"fl","c":{"a":0,"k":[0.25,0.245,0.255,1],"ix":4},"o":{"a":0,"k":100,"ix":5},"r":1,"bm":0,"nm":"Fill 1","mn":"ADBE Vector Graphic - Fill","hd":false,"_render":true},{"ty":"tr","p":{"a":0,"k":[6.308,2.75],"ix":2},"a":{"a":0,"k":[0,0],"ix":1},"s":{"a":0,"k":[100,100],"ix":3},"r":{"a":0,"k":0,"ix":6},"o":{"a":0,"k":100,"ix":7},"sk":{"a":0,"k":0,"ix":4},"sa":{"a":0,"k":0,"ix":5},"nm":"Transform","_render":true}],"nm":"Group 1","np":4,"cix":2,"bm":0,"ix":1,"mn":"ADBE Vector Group","hd":false,"_render":true}],"ip":0,"op":249,"st":0,"bm":0,"completed":true},{"ddd":0,"ind":5,"ty":4,"nm":"Layer 9 Outlines","sr":1,"ks":{"o":{"a":0,"k":100,"ix":11},"r":{"a":0,"k":0,"ix":10},"p":{"a":0,"k":[821.434,914.098,0],"ix":2},"a":{"a":0,"k":[10.389,2.75,0],"ix":1},"s":{"a":0,"k":[100,100,100],"ix":6}},"ao":0,"shapes":[{"ty":"gr","it":[{"ind":0,"ty":"sh","ix":1,"ks":{"a":0,"k":{"i":[[-8.98,2.5],[5.7,2.5],[7.578,2.5],[10.139,1.35],[8.98,-2.5],[-5.7,-2.5],[-7.578,-2.5],[-10.139,-1.351]],"o":[[-7.578,2.5],[5.7,2.5],[8.886000000000001,2.5],[10.017999999999999,-1.354],[7.578,-2.5],[-5.7,-2.5],[-8.887,-2.5],[-10.017,1.354]],"v":[[-7.578,2.5],[5.7,2.5],[7.578,2.5],[10.078,0],[7.578,-2.5],[-5.7,-2.5],[-7.578,-2.5],[-10.078,0]],"c":true},"ix":2},"nm":"Path 1","mn":"ADBE Vector Shape - Group","hd":false,"_render":true},{"ty":"fl","c":{"a":0,"k":[0.25,0.245,0.255,1],"ix":4},"o":{"a":0,"k":100,"ix":5},"r":1,"bm":0,"nm":"Fill 1","mn":"ADBE Vector Graphic - Fill","hd":false,"_render":true},{"ty":"tr","p":{"a":0,"k":[10.389,2.75],"ix":2},"a":{"a":0,"k":[0,0],"ix":1},"s":{"a":0,"k":[100,100],"ix":3},"r":{"a":0,"k":0,"ix":6},"o":{"a":0,"k":100,"ix":7},"sk":{"a":0,"k":0,"ix":4},"sa":{"a":0,"k":0,"ix":5},"nm":"Transform","_render":true}],"nm":"Group 1","np":4,"cix":2,"bm":0,"ix":1,"mn":"ADBE Vector Group","hd":false,"_render":true}],"ip":0,"op":249,"st":0,"bm":0,"completed":true},{"ddd":0,"ind":6,"ty":4,"nm":"Layer 10 Outlines","sr":1,"ks":{"o":{"a":0,"k":100,"ix":11},"r":{"a":0,"k":0,"ix":10},"p":{"a":0,"k":[492.065,914.097,0],"ix":2},"a":{"a":0,"k":[297.865,2.895,0],"ix":1},"s":{"a":0,"k":[100,100,100],"ix":6}},"ao":0,"shapes":[{"ty":"gr","it":[{"ind":0,"ty":"sh","ix":1,"ks":{"a":0,"k":{"i":[[-297.615,2.501],[-278.536,2.501],[-235.773,2.501],[-172.372,2.501],[-95.021,2.501],[-10.596,2.501],[75.205,2.501],[154.66,2.501],[222.045,2.501],[270.492,2.501],[285.764,2.645],[294.05899999999997,2.501],[297.615,-2.5],[278.537,-2.5],[235.773,-2.5],[172.373,-2.5],[95.022,-2.5],[10.596,-2.5],[-75.204,-2.5],[-154.659,-2.5],[-222.044,-2.5],[-270.492,-2.5],[-285.764,-2.645],[-294.05899999999997,-2.5]],"o":[[-294.392,2.501],[-278.536,2.501],[-235.773,2.501],[-172.372,2.501],[-95.021,2.501],[-10.596,2.501],[75.205,2.501],[154.66,2.501],[222.045,2.501],[278.12,2.501],[293.72400000000005,2.4939999999999998],[297.61,2.501],[294.392,-2.5],[278.537,-2.5],[235.773,-2.5],[172.373,-2.5],[95.022,-2.5],[10.596,-2.5],[-75.204,-2.5],[-154.659,-2.5],[-222.044,-2.5],[-278.12,-2.5],[-293.72400000000005,-2.494],[-297.609,-2.5]],"v":[[-294.392,2.501],[-278.536,2.501],[-235.773,2.501],[-172.372,2.501],[-95.021,2.501],[-10.596,2.501],[75.205,2.501],[154.66,2.501],[222.045,2.501],[270.492,2.501],[293.391,2.501],[294.392,2.501],[294.392,-2.5],[278.537,-2.5],[235.773,-2.5],[172.373,-2.5],[95.022,-2.5],[10.596,-2.5],[-75.204,-2.5],[-154.659,-2.5],[-222.044,-2.5],[-270.492,-2.5],[-293.391,-2.5],[-294.392,-2.5]],"c":true},"ix":2},"nm":"Path 1","mn":"ADBE Vector Shape - Group","hd":false,"_render":true},{"ty":"fl","c":{"a":0,"k":[0.25,0.245,0.255,1],"ix":4},"o":{"a":0,"k":100,"ix":5},"r":1,"bm":0,"nm":"Fill 1","mn":"ADBE Vector Graphic - Fill","hd":false,"_render":true},{"ty":"tr","p":{"a":0,"k":[297.865,2.895],"ix":2},"a":{"a":0,"k":[0,0],"ix":1},"s":{"a":0,"k":[100,100],"ix":3},"r":{"a":0,"k":0,"ix":6},"o":{"a":0,"k":100,"ix":7},"sk":{"a":0,"k":0,"ix":4},"sa":{"a":0,"k":0,"ix":5},"nm":"Transform","_render":true}],"nm":"Group 1","np":4,"cix":2,"bm":0,"ix":1,"mn":"ADBE Vector Group","hd":false,"_render":true}],"ip":0,"op":249,"st":0,"bm":0,"completed":true},{"ddd":0,"ind":7,"ty":4,"nm":"Layer 11 Outlines","sr":1,"ks":{"o":{"a":0,"k":100,"ix":11},"r":{"a":0,"k":0,"ix":10},"p":{"a":0,"k":[492.065,482.889,0],"ix":2},"a":{"a":0,"k":[65.276,10.36,0],"ix":1},"s":{"a":0,"k":[100,100,100],"ix":6}},"ao":0,"shapes":[{"ty":"gr","it":[{"ind":0,"ty":"sh","ix":1,"ks":{"a":0,"k":{"i":[[58.297000000000004,-10.11],[-50.026,-10.11],[-65.026,-3.381000000000001],[-65.026,5.11],[-65.026,10.11],[-60.026,10.11],[60.026,10.11],[65.026,10.11],[65.026,5.11],[65.026,4.89]],"o":[[50.026,-10.11],[-58.297000000000004,-10.11],[-65.026,4.89],[-65.026,5.11],[-65.026,10.11],[-60.026,10.11],[60.026,10.11],[65.026,10.11],[65.026,5.11],[65.026,-3.381000000000001]],"v":[[50.026,-10.11],[-50.026,-10.11],[-65.026,4.89],[-65.026,5.11],[-65.026,10.11],[-60.026,10.11],[60.026,10.11],[65.026,10.11],[65.026,5.11],[65.026,4.89]],"c":true},"ix":2},"nm":"Path 1","mn":"ADBE Vector Shape - Group","hd":false,"_render":true},{"ind":1,"ty":"sh","ix":2,"ks":{"a":0,"k":{"i":[[50.026,-5.11],[60.026,-0.633],[60.026,5.11],[-60.026,5.11],[-60.026,4.89],[-55.54900000000001,-5.11]],"o":[[55.548,-5.11],[60.026,4.89],[60.026,5.11],[-60.026,5.11],[-60.026,-0.633],[-50.026,-5.11]],"v":[[50.026,-5.11],[60.026,4.89],[60.026,5.11],[-60.026,5.11],[-60.026,4.89],[-50.026,-5.11]],"c":true},"ix":2},"nm":"Path 2","mn":"ADBE Vector Shape - Group","hd":false,"_render":true},{"ty":"mm","mm":1,"nm":"Merge Paths 1","mn":"ADBE Vector Filter - Merge","hd":false,"_render":true},{"ty":"fl","c":{"a":0,"k":[0.25,0.245,0.255,1],"ix":4},"o":{"a":0,"k":100,"ix":5},"r":1,"bm":0,"nm":"Fill 1","mn":"ADBE Vector Graphic - Fill","hd":false,"_render":true},{"ty":"tr","p":{"a":0,"k":[65.276,10.36],"ix":2},"a":{"a":0,"k":[0,0],"ix":1},"s":{"a":0,"k":[100,100],"ix":3},"r":{"a":0,"k":0,"ix":6},"o":{"a":0,"k":100,"ix":7},"sk":{"a":0,"k":0,"ix":4},"sa":{"a":0,"k":0,"ix":5},"nm":"Transform","_render":true}],"nm":"Group 1","np":6,"cix":2,"bm":0,"ix":1,"mn":"ADBE Vector Group","hd":false,"_render":true},{"ty":"gr","it":[{"ind":0,"ty":"sh","ix":1,"ks":{"a":0,"k":{"i":[[-62.525,7.609],[-62.525,4.891],[-56.918,-7.609],[50.025,-7.609],[62.525,-2.0010000000000003],[62.525,7.609]],"o":[[-62.525,7.609],[-62.525,-2.0010000000000003],[-50.025,-7.609],[56.918,-7.609],[62.525,4.891],[62.525,7.609]],"v":[[-62.525,7.609],[-62.525,4.891],[-50.025,-7.609],[50.025,-7.609],[62.525,4.891],[62.525,7.609]],"c":true},"ix":2},"nm":"Path 1","mn":"ADBE Vector Shape - Group","hd":false,"_render":true},{"ty":"fl","c":{"a":0,"k":[0.7543,0.7332,0.7057,1],"ix":4},"o":{"a":0,"k":100,"ix":5},"r":1,"bm":0,"nm":"Fill 1","mn":"ADBE Vector Graphic - Fill","hd":false,"_render":true},{"ty":"tr","p":{"a":0,"k":[65.275,10.359],"ix":2},"a":{"a":0,"k":[0,0],"ix":1},"s":{"a":0,"k":[100,100],"ix":3},"r":{"a":0,"k":0,"ix":6},"o":{"a":0,"k":100,"ix":7},"sk":{"a":0,"k":0,"ix":4},"sa":{"a":0,"k":0,"ix":5},"nm":"Transform","_render":true}],"nm":"Group 2","np":4,"cix":2,"bm":0,"ix":2,"mn":"ADBE Vector Group","hd":false,"_render":true}],"ip":0,"op":249,"st":0,"bm":0,"completed":true},{"ddd":0,"ind":8,"ty":4,"nm":"Layer 12 Outlines","sr":1,"ks":{"o":{"a":0,"k":100,"ix":11},"r":{"a":0,"k":0,"ix":10},"p":{"a":0,"k":[492.065,504.321,0],"ix":2},"a":{"a":0,"k":[243.095,15.469,0],"ix":1},"s":{"a":0,"k":[100,100,100],"ix":6}},"ao":0,"shapes":[{"ty":"gr","it":[{"ind":0,"ty":"sh","ix":1,"ks":{"a":0,"k":{"i":[[233.873,-15.219],[-222.845,-15.219],[-242.845,-6.247000000000001],[-242.845,10.219],[-242.845,15.219],[-237.845,15.219],[237.845,15.219],[242.845,15.219],[242.845,10.219],[242.845,4.781]],"o":[[222.845,-15.219],[-233.874,-15.219],[-242.845,4.781],[-242.845,10.219],[-242.845,15.219],[-237.845,15.219],[237.845,15.219],[242.845,15.219],[242.845,10.219],[242.845,-6.247000000000001]],"v":[[222.845,-15.219],[-222.845,-15.219],[-242.845,4.781],[-242.845,10.219],[-242.845,15.219],[-237.845,15.219],[237.845,15.219],[242.845,15.219],[242.845,10.219],[242.845,4.781]],"c":true},"ix":2},"nm":"Path 1","mn":"ADBE Vector Shape - Group","hd":false,"_render":true},{"ind":1,"ty":"sh","ix":2,"ks":{"a":0,"k":{"i":[[222.845,-10.219],[237.845,-3.503000000000001],[237.845,10.219],[-237.845,10.219],[-237.845,4.781],[-231.13,-10.219]],"o":[[231.13,-10.219],[237.845,4.781],[237.845,10.219],[-237.845,10.219],[-237.845,-3.503000000000001],[-222.845,-10.219]],"v":[[222.845,-10.219],[237.845,4.781],[237.845,10.219],[-237.845,10.219],[-237.845,4.781],[-222.845,-10.219]],"c":true},"ix":2},"nm":"Path 2","mn":"ADBE Vector Shape - Group","hd":false,"_render":true},{"ty":"mm","mm":1,"nm":"Merge Paths 1","mn":"ADBE Vector Filter - Merge","hd":false,"_render":true},{"ty":"fl","c":{"a":0,"k":[0.25,0.245,0.255,1],"ix":4},"o":{"a":0,"k":100,"ix":5},"r":1,"bm":0,"nm":"Fill 1","mn":"ADBE Vector Graphic - Fill","hd":false,"_render":true},{"ty":"tr","p":{"a":0,"k":[243.095,15.469],"ix":2},"a":{"a":0,"k":[0,0],"ix":1},"s":{"a":0,"k":[100,100],"ix":3},"r":{"a":0,"k":0,"ix":6},"o":{"a":0,"k":100,"ix":7},"sk":{"a":0,"k":0,"ix":4},"sa":{"a":0,"k":0,"ix":5},"nm":"Transform","_render":true}],"nm":"Group 1","np":6,"cix":2,"bm":0,"ix":1,"mn":"ADBE Vector Group","hd":false,"_render":true},{"ty":"gr","it":[{"ind":0,"ty":"sh","ix":1,"ks":{"a":0,"k":{"i":[[-240.345,12.719],[-240.345,4.782],[-232.494,-12.719],[222.845,-12.719],[240.345,-4.868],[240.345,12.719]],"o":[[-240.345,12.719],[-240.345,-4.868],[-222.845,-12.719],[232.495,-12.719],[240.345,4.782],[240.345,12.719]],"v":[[-240.345,12.719],[-240.345,4.782],[-222.845,-12.719],[222.845,-12.719],[240.345,4.782],[240.345,12.719]],"c":true},"ix":2},"nm":"Path 1","mn":"ADBE Vector Shape - Group","hd":false,"_render":true},{"ty":"fl","c":{"a":0,"k":[0.7543,0.7332,0.7057,1],"ix":4},"o":{"a":0,"k":100,"ix":5},"r":1,"bm":0,"nm":"Fill 1","mn":"ADBE Vector Graphic - Fill","hd":false,"_render":true},{"ty":"tr","p":{"a":0,"k":[243.094,15.469],"ix":2},"a":{"a":0,"k":[0,0],"ix":1},"s":{"a":0,"k":[100,100],"ix":3},"r":{"a":0,"k":0,"ix":6},"o":{"a":0,"k":100,"ix":7},"sk":{"a":0,"k":0,"ix":4},"sa":{"a":0,"k":0,"ix":5},"nm":"Transform","_render":true}],"nm":"Group 2","np":4,"cix":2,"bm":0,"ix":2,"mn":"ADBE Vector Group","hd":false,"_render":true}],"ip":0,"op":249,"st":0,"bm":0,"completed":true},{"ddd":0,"ind":9,"ty":4,"nm":"Layer 13 Outlines","sr":1,"ks":{"o":{"a":0,"k":100,"ix":11},"r":{"a":0,"k":0,"ix":10},"p":{"a":0,"k":[584.777,342.45,0],"ix":2},"a":{"a":0,"k":[90.966,162.139,0],"ix":1},"s":{"a":0,"k":[100,100,100],"ix":6}},"ao":0,"shapes":[{"ty":"gr","it":[{"ind":0,"ty":"sh","ix":1,"ks":{"a":0,"k":{"i":[[85.55799999999999,-161.889],[-6.316,-161.889],[-90.716,161.889],[-84.953,159.613],[86.588,-145.379]],"o":[[77.303,-161.889],[-6.316,-161.889],[-87.746,161.377],[-83.235,156.559],[90.716,-152.71699999999998]],"v":[[77.303,-161.889],[-6.316,-161.889],[-90.716,161.889],[-83.235,156.559],[86.588,-145.379]],"c":true},"ix":2},"nm":"Path 1","mn":"ADBE Vector Shape - Group","hd":false,"_render":true},{"ty":"fl","c":{"a":0,"k":[0.7796,0.7193,0.6404,1],"ix":4},"o":{"a":0,"k":100,"ix":5},"r":1,"bm":0,"nm":"Fill 1","mn":"ADBE Vector Graphic - Fill","hd":false,"_render":true},{"ty":"tr","p":{"a":0,"k":[90.966,162.139],"ix":2},"a":{"a":0,"k":[0,0],"ix":1},"s":{"a":0,"k":[100,100],"ix":3},"r":{"a":0,"k":0,"ix":6},"o":{"a":0,"k":100,"ix":7},"sk":{"a":0,"k":0,"ix":4},"sa":{"a":0,"k":0,"ix":5},"nm":"Transform","_render":true}],"nm":"Group 1","np":4,"cix":2,"bm":0,"ix":1,"mn":"ADBE Vector Group","hd":false,"_render":true}],"ip":0,"op":249,"st":0,"bm":0,"completed":true},{"ddd":0,"ind":10,"ty":4,"nm":"Layer 14 Outlines","sr":1,"ks":{"o":{"a":0,"k":100,"ix":11},"r":{"a":0,"k":0,"ix":10},"p":{"a":0,"k":[592.367,339.785,0],"ix":2},"a":{"a":0,"k":[91.076,159.474,0],"ix":1},"s":{"a":0,"k":[100,100,100],"ix":6}},"ao":0,"shapes":[{"ty":"gr","it":[{"ind":0,"ty":"sh","ix":1,"ks":{"a":0,"k":{"i":[[85.661,-159.224],[-6.323,-159.224],[-90.826,159.224],[-85.056,156.986],[86.693,-142.985]],"o":[[77.396,-159.224],[-6.323,-159.224],[-87.85199999999999,158.721],[-83.336,153.983],[90.826,-150.203]],"v":[[77.396,-159.224],[-6.323,-159.224],[-90.826,159.224],[-83.336,153.983],[86.693,-142.985]],"c":true},"ix":2},"nm":"Path 1","mn":"ADBE Vector Shape - Group","hd":false,"_render":true},{"ty":"fl","c":{"a":0,"k":[1,1,1,1],"ix":4},"o":{"a":0,"k":100,"ix":5},"r":1,"bm":0,"nm":"Fill 1","mn":"ADBE Vector Graphic - Fill","hd":false,"_render":true},{"ty":"tr","p":{"a":0,"k":[91.076,159.474],"ix":2},"a":{"a":0,"k":[0,0],"ix":1},"s":{"a":0,"k":[100,100],"ix":3},"r":{"a":0,"k":0,"ix":6},"o":{"a":0,"k":100,"ix":7},"sk":{"a":0,"k":0,"ix":4},"sa":{"a":0,"k":0,"ix":5},"nm":"Transform","_render":true}],"nm":"Group 1","np":4,"cix":2,"bm":0,"ix":1,"mn":"ADBE Vector Group","hd":false,"_render":true}],"ip":0,"op":249,"st":0,"bm":0,"completed":true},{"ddd":0,"ind":11,"ty":4,"nm":"Layer 15 Outlines","sr":1,"ks":{"o":{"a":0,"k":100,"ix":11},"r":{"a":0,"k":0,"ix":10},"p":{"a":0,"k":[492.065,345.159,0],"ix":2},"a":{"a":0,"k":[194.44,169.936,0],"ix":1},"s":{"a":0,"k":[100,100,100],"ix":6}},"ao":0,"shapes":[{"ty":"gr","it":[{"ind":0,"ty":"sh","ix":1,"ks":{"a":0,"k":{"i":[[183.096,-169.686],[-177.241,-169.686],[-188.336,-166.66],[-194.19,-150.469],[-14.022,161.591],[-5.853,169.687],[11.096,166.661],[191.263,-145.399],[194.19,-156.52100000000002]],"o":[[177.242,-169.686],[-183.09400000000002,-169.686],[-194.19,-156.52100000000002],[-191.263,-145.399],[-11.095,166.661],[5.854,169.687],[14.022,161.591],[194.19,-150.469],[188.33700000000002,-166.66]],"v":[[177.242,-169.686],[-177.241,-169.686],[-191.263,-161.591],[-191.263,-145.399],[-14.022,161.591],[0,169.687],[14.022,161.591],[191.263,-145.399],[191.263,-161.591]],"c":true},"ix":2},"nm":"Path 1","mn":"ADBE Vector Shape - Group","hd":false,"_render":true},{"ind":1,"ty":"sh","ix":2,"ks":{"a":0,"k":{"i":[[177.242,-164.686],[191.24099999999999,-155.36],[9.692,159.091],[3.769,164.687],[-7.538,162.822],[-186.933,-147.899],[-185.85600000000002,-164.686]],"o":[[185.857,-164.686],[186.933,-147.899],[7.538,162.822],[-3.769,164.687],[-9.692,159.091],[-191.23999999999998,-155.36],[-177.241,-164.686]],"v":[[177.242,-164.686],[186.933,-147.899],[9.692,159.091],[0,164.687],[-9.692,159.091],[-186.933,-147.899],[-177.241,-164.686]],"c":true},"ix":2},"nm":"Path 2","mn":"ADBE Vector Shape - Group","hd":false,"_render":true},{"ty":"mm","mm":1,"nm":"Merge Paths 1","mn":"ADBE Vector Filter - Merge","hd":false,"_render":true},{"ty":"fl","c":{"a":0,"k":[0.25,0.245,0.255,1],"ix":4},"o":{"a":0,"k":100,"ix":5},"r":1,"bm":0,"nm":"Fill 1","mn":"ADBE Vector Graphic - Fill","hd":false,"_render":true},{"ty":"tr","p":{"a":0,"k":[194.44,169.936],"ix":2},"a":{"a":0,"k":[0,0],"ix":1},"s":{"a":0,"k":[100,100],"ix":3},"r":{"a":0,"k":0,"ix":6},"o":{"a":0,"k":100,"ix":7},"sk":{"a":0,"k":0,"ix":4},"sa":{"a":0,"k":0,"ix":5},"nm":"Transform","_render":true}],"nm":"Group 1","np":6,"cix":2,"bm":0,"ix":1,"mn":"ADBE Vector Group","hd":false,"_render":true},{"ty":"gr","it":[{"ind":0,"ty":"sh","ix":1,"ks":{"a":0,"k":{"i":[[4.95,167.187],[-9.382,164.627],[-189.098,-146.649],[-191.573,-156.054],[-182.191,-167.186],[177.242,-167.186],[186.62400000000002,-164.62800000000001],[191.573,-150.936],[11.857,160.341]],"o":[[-4.95,167.187],[-11.857,160.341],[-191.573,-150.936],[-186.62400000000002,-164.627],[-177.241,-167.186],[182.191,-167.186],[191.573,-156.055],[189.098,-146.649],[9.382,164.627]],"v":[[0,167.187],[-11.857,160.341],[-189.098,-146.649],[-189.098,-160.34],[-177.241,-167.186],[177.242,-167.186],[189.098,-160.342],[189.098,-146.649],[11.857,160.341]],"c":true},"ix":2},"nm":"Path 1","mn":"ADBE Vector Shape - Group","hd":false,"_render":true},{"ty":"fl","c":{"a":0,"k":[0.941,0.9055,0.859,1],"ix":4},"o":{"a":0,"k":100,"ix":5},"r":1,"bm":0,"nm":"Fill 1","mn":"ADBE Vector Graphic - Fill","hd":false,"_render":true},{"ty":"tr","p":{"a":0,"k":[194.44,169.936],"ix":2},"a":{"a":0,"k":[0,0],"ix":1},"s":{"a":0,"k":[100,100],"ix":3},"r":{"a":0,"k":0,"ix":6},"o":{"a":0,"k":100,"ix":7},"sk":{"a":0,"k":0,"ix":4},"sa":{"a":0,"k":0,"ix":5},"nm":"Transform","_render":true}],"nm":"Group 2","np":4,"cix":2,"bm":0,"ix":2,"mn":"ADBE Vector Group","hd":false,"_render":true}],"ip":0,"op":249,"st":0,"bm":0,"completed":true},{"ddd":0,"ind":12,"ty":4,"nm":"Layer 16 Outlines","sr":1,"ks":{"o":{"a":0,"k":100,"ix":11},"r":{"a":0,"k":0,"ix":10},"p":{"a":0,"k":[589.136,321.272,0],"ix":2},"a":{"a":0,"k":[97.349,167.984,0],"ix":1},"s":{"a":0,"k":[100,100,100],"ix":6}},"ao":0,"shapes":[{"ty":"gr","it":[{"ind":0,"ty":"sh","ix":1,"ks":{"a":0,"k":{"i":[[94.643,-167.734],[-17.29,-167.734],[-97.099,167.725],[-93.638,166.88600000000002],[95.134,-160.077]],"o":[[90.714,-167.734],[-17.29,-167.734],[-95.37100000000001,167.73399999999998],[-92.65,165.175],[97.099,-163.48]],"v":[[90.714,-167.734],[-17.29,-167.734],[-97.099,167.725],[-92.65,165.175],[95.134,-160.077]],"c":true},"ix":2},"nm":"Path 1","mn":"ADBE Vector Shape - Group","hd":false,"_render":true},{"ty":"fl","c":{"a":0,"k":[0.8448,0.8406,0.8352,1],"ix":4},"o":{"a":0,"k":100,"ix":5},"r":1,"bm":0,"nm":"Fill 1","mn":"ADBE Vector Graphic - Fill","hd":false,"_render":true},{"ty":"tr","p":{"a":0,"k":[97.349,167.984],"ix":2},"a":{"a":0,"k":[0,0],"ix":1},"s":{"a":0,"k":[100,100],"ix":3},"r":{"a":0,"k":0,"ix":6},"o":{"a":0,"k":100,"ix":7},"sk":{"a":0,"k":0,"ix":4},"sa":{"a":0,"k":0,"ix":5},"nm":"Transform","_render":true}],"nm":"Group 1","np":4,"cix":2,"bm":0,"ix":1,"mn":"ADBE Vector Group","hd":false,"_render":true}],"ip":0,"op":249,"st":0,"bm":0,"completed":true},{"ddd":0,"ind":13,"ty":4,"nm":"Layer 17 Outlines","sr":1,"ks":{"o":{"a":0,"k":100,"ix":11},"r":{"a":0,"k":0,"ix":10},"p":{"a":0,"k":[492.065,321.268,0],"ix":2},"a":{"a":0,"k":[198.611,172.98,0],"ix":1},"s":{"a":0,"k":[100,100,100],"ix":6}},"ao":0,"shapes":[{"ty":"gr","it":[{"ind":0,"ty":"sh","ix":1,"ks":{"a":0,"k":{"i":[[191.43699999999998,-172.73],[-187.784,-172.73],[-194.708,-170.841],[-198.361,-160.73700000000002],[-8.75,167.678],[-3.652,172.73],[6.924999999999999,170.84199999999998],[196.535,-157.574],[198.361,-164.515]],"o":[[187.785,-172.73],[-191.43699999999998,-172.73],[-198.361,-164.515],[-196.534,-157.574],[-6.923,170.84199999999998],[3.653,172.73],[8.751,167.678],[198.361,-160.73700000000002],[194.709,-170.841]],"v":[[187.785,-172.73],[-187.784,-172.73],[-196.534,-167.678],[-196.534,-157.574],[-8.75,167.678],[0,172.73],[8.751,167.678],[196.535,-157.574],[196.535,-167.678]],"c":true},"ix":2},"nm":"Path 1","mn":"ADBE Vector Shape - Group","hd":false,"_render":true},{"ind":1,"ty":"sh","ix":2,"ks":{"a":0,"k":{"i":[[187.785,-167.73],[194.17000000000002,-163.477],[4.421,165.178],[1.72,167.73],[-3.4379999999999997,166.88],[-192.204,-160.074],[-191.713,-167.73]],"o":[[191.714,-167.73],[192.205,-160.074],[3.438,166.88],[-1.718,167.73],[-4.42,165.178],[-194.169,-163.477],[-187.784,-167.73]],"v":[[187.785,-167.73],[192.205,-160.074],[4.421,165.178],[0,167.73],[-4.42,165.178],[-192.204,-160.074],[-187.784,-167.73]],"c":true},"ix":2},"nm":"Path 2","mn":"ADBE Vector Shape - Group","hd":false,"_render":true},{"ty":"mm","mm":1,"nm":"Merge Paths 1","mn":"ADBE Vector Filter - Merge","hd":false,"_render":true},{"ty":"fl","c":{"a":0,"k":[0.25,0.245,0.255,1],"ix":4},"o":{"a":0,"k":100,"ix":5},"r":1,"bm":0,"nm":"Fill 1","mn":"ADBE Vector Graphic - Fill","hd":false,"_render":true},{"ty":"tr","p":{"a":0,"k":[198.611,172.98],"ix":2},"a":{"a":0,"k":[0,0],"ix":1},"s":{"a":0,"k":[100,100],"ix":3},"r":{"a":0,"k":0,"ix":6},"o":{"a":0,"k":100,"ix":7},"sk":{"a":0,"k":0,"ix":4},"sa":{"a":0,"k":0,"ix":5},"nm":"Transform","_render":true}],"nm":"Group 1","np":6,"cix":2,"bm":0,"ix":1,"mn":"ADBE Vector Group","hd":false,"_render":true},{"ty":"gr","it":[{"ind":0,"ty":"sh","ix":1,"ks":{"a":0,"k":{"i":[[2.75,170.23],[-5.211,168.809],[-194.37,-158.824],[-195.744,-164.047],[-190.533,-170.23],[187.785,-170.23],[192.995,-168.809],[195.744,-161.205],[6.585,166.428]],"o":[[-2.749,170.23],[-6.585,166.428],[-195.744,-161.205],[-192.995,-168.809],[-187.784,-170.23],[190.534,-170.23],[195.744,-164.047],[194.369,-158.824],[5.211,168.809]],"v":[[0,170.23],[-6.585,166.428],[-194.37,-158.824],[-194.37,-166.428],[-187.784,-170.23],[187.785,-170.23],[194.369,-166.428],[194.369,-158.824],[6.585,166.428]],"c":true},"ix":2},"nm":"Path 1","mn":"ADBE Vector Shape - Group","hd":false,"_render":true},{"ty":"fl","c":{"a":0,"k":[1,1,1,1],"ix":4},"o":{"a":0,"k":100,"ix":5},"r":1,"bm":0,"nm":"Fill 1","mn":"ADBE Vector Graphic - Fill","hd":false,"_render":true},{"ty":"tr","p":{"a":0,"k":[198.612,172.98],"ix":2},"a":{"a":0,"k":[0,0],"ix":1},"s":{"a":0,"k":[100,100],"ix":3},"r":{"a":0,"k":0,"ix":6},"o":{"a":0,"k":100,"ix":7},"sk":{"a":0,"k":0,"ix":4},"sa":{"a":0,"k":0,"ix":5},"nm":"Transform","_render":true}],"nm":"Group 2","np":4,"cix":2,"bm":0,"ix":2,"mn":"ADBE Vector Group","hd":false,"_render":true}],"ip":0,"op":249,"st":0,"bm":0,"completed":true},{"ddd":0,"ind":14,"ty":4,"nm":"glass handle Outlines","sr":1,"ks":{"o":{"a":0,"k":100,"ix":11},"r":{"a":0,"k":0,"ix":10},"p":{"s":true,"x":{"a":1,"k":[{"i":{"x":[0.334],"y":[1]},"o":{"x":[0.009],"y":[0.083]},"t":0,"s":[1553.876]},{"i":{"x":[0.833],"y":[1]},"o":{"x":[0.167],"y":[0]},"t":35,"s":[773.876]},{"i":{"x":[0.833],"y":[0.833]},"o":{"x":[0.864],"y":[0]},"t":210,"s":[773.876]},{"t":248,"s":[-83.124]}],"ix":3},"y":{"a":0,"k":663.351,"ix":4}},"a":{"a":0,"k":[81.31,112.913,0],"ix":1},"s":{"a":0,"k":[100,100,100],"ix":6}},"ao":0,"shapes":[{"ty":"gr","it":[{"ind":0,"ty":"sh","ix":1,"ks":{"a":0,"k":{"i":[[81.06,100.997],[6.389,-112.663],[6.056,-112.197],[6.056,-112.663],[-75.718,-112.663],[-81.059,-110.665],[-81.059,-71.659],[-78.668,-67.196],[-30.095,-67.196],[-25.679,-65.91799999999999],[35.21,99.791],[46.477,112.663]],"o":[[76.985,89.335],[6.389,-112.663],[6.056,-112.197],[6.056,-112.663],[-78.668,-112.663],[-81.059,-108.2],[-81.059,-69.194],[-75.718,-67.196],[-27.749,-67.196],[-24.991,-64.044],[38.021,107.441],[70.59299999999999,112.663]],"v":[[76.985,89.335],[6.389,-112.663],[6.056,-112.197],[6.056,-112.663],[-75.718,-112.663],[-81.059,-108.2],[-81.059,-71.659],[-75.718,-67.196],[-30.095,-67.196],[-24.991,-64.044],[35.21,99.791],[56.053,112.663]],"c":true},"ix":2},"nm":"Path 1","mn":"ADBE Vector Shape - Group","hd":false,"_render":true},{"ty":"fl","c":{"a":0,"k":[0.25,0.245,0.255,1],"ix":4},"o":{"a":0,"k":100,"ix":5},"r":1,"bm":0,"nm":"Fill 1","mn":"ADBE Vector Graphic - Fill","hd":false,"_render":true},{"ty":"tr","p":{"a":0,"k":[81.309,112.913],"ix":2},"a":{"a":0,"k":[0,0],"ix":1},"s":{"a":0,"k":[100,100],"ix":3},"r":{"a":0,"k":0,"ix":6},"o":{"a":0,"k":100,"ix":7},"sk":{"a":0,"k":0,"ix":4},"sa":{"a":0,"k":0,"ix":5},"nm":"Transform","_render":true}],"nm":"Group 1","np":2,"cix":2,"bm":0,"ix":1,"mn":"ADBE Vector Group","hd":false,"_render":true}],"ip":0,"op":249,"st":0,"bm":0,"completed":true},{"ddd":0,"ind":15,"ty":4,"nm":"glass highlight Outlines","sr":1,"ks":{"o":{"a":0,"k":100,"ix":11},"r":{"a":0,"k":0,"ix":10},"p":{"s":true,"x":{"a":1,"k":[{"i":{"x":[0.334],"y":[1]},"o":{"x":[0.009],"y":[0.083]},"t":0,"s":[1419.029]},{"i":{"x":[0.833],"y":[1]},"o":{"x":[0.167],"y":[0]},"t":35,"s":[639.029]},{"i":{"x":[0.833],"y":[0.833]},"o":{"x":[0.864],"y":[0]},"t":210,"s":[639.029]},{"t":248,"s":[-217.971]}],"ix":3},"y":{"a":0,"k":763.503,"ix":4}},"a":{"a":0,"k":[77.479,140.796,0],"ix":1},"s":{"a":0,"k":[100,100,100],"ix":6}},"ao":0,"shapes":[{"ty":"gr","it":[{"ind":0,"ty":"sh","ix":1,"ks":{"a":0,"k":{"i":[[68.686,140.795],[10.579,140.795],[-22.475,129.871],[-77.001,-116.397],[-68.686,-140.796],[-10.581,-140.796],[22.474,-129.872],[77,116.397]],"o":[[51.766,140.795],[-6.34,140.795],[-25.459,116.397],[-79.98400000000001,-129.872],[-51.766,-140.796],[6.339000000000002,-140.796],[25.457,-116.397],[79.984,129.871]],"v":[[51.766,140.795],[10.579,140.795],[-25.459,116.397],[-77.001,-116.397],[-51.766,-140.796],[-10.581,-140.796],[25.457,-116.397],[77,116.397]],"c":true},"ix":2},"nm":"Path 1","mn":"ADBE Vector Shape - Group","hd":false,"_render":true},{"ty":"fl","c":{"a":0,"k":[0.9328,0.9304,0.9272,1],"ix":4},"o":{"a":0,"k":100,"ix":5},"r":1,"bm":0,"nm":"Fill 1","mn":"ADBE Vector Graphic - Fill","hd":false,"_render":true},{"ty":"tr","p":{"a":0,"k":[77.479,140.795],"ix":2},"a":{"a":0,"k":[0,0],"ix":1},"s":{"a":0,"k":[100,100],"ix":3},"r":{"a":0,"k":0,"ix":6},"o":{"a":0,"k":100,"ix":7},"sk":{"a":0,"k":0,"ix":4},"sa":{"a":0,"k":0,"ix":5},"nm":"Transform","_render":true}],"nm":"Group 1","np":2,"cix":2,"bm":0,"ix":1,"mn":"ADBE Vector Group","hd":false,"_render":true}],"ip":0,"op":249,"st":0,"bm":0,"completed":true},{"ddd":0,"ind":16,"ty":4,"nm":"glass highlight 2","sr":1,"ks":{"o":{"a":0,"k":100,"ix":11},"r":{"a":0,"k":0,"ix":10},"p":{"s":true,"x":{"a":1,"k":[{"i":{"x":[0.334],"y":[1]},"o":{"x":[0.009],"y":[0.083]},"t":0,"s":[1484.521]},{"i":{"x":[0.833],"y":[1]},"o":{"x":[0.167],"y":[0]},"t":35,"s":[704.521]},{"i":{"x":[0.833],"y":[0.833]},"o":{"x":[0.864],"y":[0]},"t":210,"s":[704.521]},{"t":248,"s":[-152.479]}],"ix":3},"y":{"a":0,"k":714.318,"ix":4}},"a":{"a":0,"k":[31.953,197.376,0],"ix":1},"s":{"a":0,"k":[100,100,100],"ix":6}},"ao":0,"shapes":[{"ty":"gr","it":[{"ind":0,"ty":"sh","ix":1,"ks":{"a":0,"k":{"i":[[31.703,174.791],[-21.584,-77.801],[-21.584,-159.579],[-21.705,-159.579],[-21.705,-197.126],[-31.703,-197.126],[-31.703,-159.579],[-31.582,-159.579],[-31.582,-77.801],[20.186,167.596],[20.355,181.37199999999999],[2.0709999999999997,197.126],[1.466,197.126],[21.113999999999997,193.29999999999998]],"o":[[30.184,167.596],[-21.584,-77.801],[-21.584,-159.579],[-21.705,-159.579],[-21.705,-197.126],[-31.703,-197.126],[-31.703,-159.579],[-31.582,-159.579],[-31.582,-77.801],[21.705,174.791],[11.116000000000001,193.29999999999998],[-8.531,197.126],[12.068999999999999,197.126],[30.352999999999998,181.37199999999999]],"v":[[30.184,167.596],[-21.584,-77.801],[-21.584,-159.579],[-21.705,-159.579],[-21.705,-197.126],[-31.703,-197.126],[-31.703,-159.579],[-31.582,-159.579],[-31.582,-77.801],[20.186,167.596],[16.283,186.628],[-8.531,197.126],[1.466,197.126],[26.281,186.628]],"c":true},"ix":2},"nm":"Path 1","mn":"ADBE Vector Shape - Group","hd":false,"_render":true},{"ty":"fl","c":{"a":0,"k":[1,1,1,1],"ix":4},"o":{"a":0,"k":100,"ix":5},"r":1,"bm":0,"nm":"Fill 1","mn":"ADBE Vector Graphic - Fill","hd":false,"_render":true},{"ty":"tr","p":{"a":0,"k":[31.953,197.376],"ix":2},"a":{"a":0,"k":[0,0],"ix":1},"s":{"a":0,"k":[100,100],"ix":3},"r":{"a":0,"k":0,"ix":6},"o":{"a":0,"k":100,"ix":7},"sk":{"a":0,"k":0,"ix":4},"sa":{"a":0,"k":0,"ix":5},"nm":"Transform","_render":true}],"nm":"Group 1","np":2,"cix":2,"bm":0,"ix":1,"mn":"ADBE Vector Group","hd":false,"_render":true}],"ip":0,"op":249,"st":0,"bm":0,"completed":true},{"ddd":0,"ind":17,"ty":4,"nm":"glass","sr":1,"ks":{"o":{"a":0,"k":100,"ix":11},"r":{"a":0,"k":0,"ix":10},"p":{"s":true,"x":{"a":1,"k":[{"i":{"x":[0.334],"y":[1]},"o":{"x":[0.009],"y":[0.083]},"t":0,"s":[1280]},{"i":{"x":[0.833],"y":[1]},"o":{"x":[0.167],"y":[0]},"t":35,"s":[500]},{"i":{"x":[0.833],"y":[0.833]},"o":{"x":[0.864],"y":[0]},"t":210,"s":[500]},{"t":248,"s":[-357]}],"ix":3},"y":{"a":0,"k":714.319,"ix":4}},"a":{"a":0,"k":[261.883,212.279,0],"ix":1},"s":{"a":0,"k":[100,100,100],"ix":6}},"ao":0,"shapes":[{"ty":"gr","it":[{"ind":0,"ty":"sh","ix":1,"ks":{"a":0,"k":{"i":[[249.384,181.615],[192.938,-75.984],[192.938,-163.631],[192.816,-163.631],[192.816,-199.778],[-220.27,-199.778],[-220.27,-196.35],[-217.08499999999998,-192.91400000000002],[-192.938,-163.631],[-192.938,-75.984],[-244.474,159.209],[-232.152,199.777],[67.87,199.779],[67.87,199.779],[205.987,199.779]],"o":[[244.474,159.209],[192.938,-75.984],[192.938,-163.631],[192.816,-163.631],[192.816,-199.778],[-220.27,-199.778],[-218.704,-194.692],[-204.495,-178.733],[-192.938,-163.631],[-192.938,-75.984],[-249.38299999999998,181.615],[-205.986,199.777],[67.87,199.779],[67.87,199.779],[232.152,199.779]],"v":[[244.474,159.209],[192.938,-75.984],[192.938,-163.631],[192.816,-163.631],[192.816,-199.778],[-220.27,-199.778],[-220.27,-196.35],[-215.451,-191.074],[-192.938,-163.631],[-192.938,-75.984],[-244.474,159.209],[-205.986,199.777],[67.87,199.779],[67.87,199.779],[205.987,199.779]],"c":true},"ix":2},"nm":"Path 1","mn":"ADBE Vector Shape - Group","hd":false,"_render":true},{"ty":"st","c":{"a":0,"k":[0.25,0.245,0.255,1],"ix":3},"o":{"a":0,"k":100,"ix":4},"w":{"a":0,"k":5,"ix":5},"lc":1,"lj":1,"ml":10,"bm":0,"nm":"Stroke 1","mn":"ADBE Vector Graphic - Stroke","hd":false,"_render":true},{"ty":"tr","p":{"a":0,"k":[261.883,212.279],"ix":2},"a":{"a":0,"k":[0,0],"ix":1},"s":{"a":0,"k":[100,100],"ix":3},"r":{"a":0,"k":0,"ix":6},"o":{"a":0,"k":100,"ix":7},"sk":{"a":0,"k":0,"ix":4},"sa":{"a":0,"k":0,"ix":5},"nm":"Transform","_render":true}],"nm":"Group 1","np":2,"cix":2,"bm":0,"ix":1,"mn":"ADBE Vector Group","hd":false,"_render":true}],"ip":0,"op":249,"st":0,"bm":0,"completed":true},{"ddd":0,"ind":18,"ty":4,"nm":"coffee Outlines","sr":1,"ks":{"o":{"a":0,"k":100,"ix":11},"r":{"a":0,"k":0,"ix":10},"p":{"s":true,"x":{"a":1,"k":[{"i":{"x":[0.833],"y":[0.833]},"o":{"x":[0.864],"y":[0]},"t":210,"s":[500]},{"t":248,"s":[-357]}],"ix":3},"y":{"a":0,"k":814.208,"ix":4}},"a":{"a":0,"k":[249.634,100.14,0],"ix":1},"s":{"a":0,"k":[100,100,100],"ix":6}},"ao":0,"shapes":[{"ind":0,"ty":"sh","ix":1,"ks":{"a":1,"k":[{"i":{"x":0.833,"y":0.833},"o":{"x":0.167,"y":0.167},"t":41,"s":[{"i":[[453.86,197.146],[34.625,199.291],[25.476,196.063],[40.134,201.432],[317.504,200.029],[317.505,200.029],[455.621,200.029],[464.134,198.182]],"o":[[453.86,197.146],[34.625,199.291],[37.634,200.932],[43.647,200.028],[317.504,200.029],[317.505,200.029],[465.63399999999996,199.932],[475.254,196.457]],"v":[[453.86,197.146],[34.625,199.291],[25.476,196.063],[43.647,200.028],[317.504,200.029],[317.505,200.029],[455.621,200.029],[475.254,196.457]],"c":true}]},{"i":{"x":0.833,"y":0.833},"o":{"x":0.167,"y":0.167},"t":55,"s":[{"i":[[491.469,180.144],[6.266,179.422],[6.913,179.561],[17.482,200.028],[317.504,200.029],[317.505,200.029],[455.621,200.029],[478.384,197.43200000000002]],"o":[[491.469,180.144],[6.266,179.422],[20.634,194.931],[43.647,200.028],[317.504,200.029],[317.505,200.029],[481.786,200.029],[490.978,183.889]],"v":[[491.469,180.144],[6.266,179.422],[6.913,179.561],[43.647,200.028],[317.504,200.029],[317.505,200.029],[455.621,200.029],[490.978,183.889]],"c":true}]},{"i":{"x":0.833,"y":0.833},"o":{"x":0.167,"y":0.167},"t":66,"s":[{"i":[[495.448,170.204],[5.72,163.934],[6.11,173.819],[17.482,200.028],[317.504,200.029],[317.505,200.029],[455.621,200.029],[483.44,192.88199999999998]],"o":[[495.448,170.204],[5.72,163.934],[15.344999999999999,191.154],[43.647,200.028],[317.504,200.029],[317.505,200.029],[481.786,200.029],[494.48,178.009]],"v":[[495.448,170.204],[5.72,163.934],[6.11,173.819],[43.647,200.028],[317.504,200.029],[317.505,200.029],[455.621,200.029],[494.48,178.009]],"c":true}]},{"t":189,"s":[{"i":[[459.221,0.25],[40.047,0.25],[5.16,159.459],[17.482,200.028],[317.504,200.029],[317.505,200.029],[455.621,200.029],[499.01800000000003,181.865]],"o":[[459.221,0.25],[40.047,0.25],[0.25,181.865],[43.647,200.028],[317.504,200.029],[317.505,200.029],[481.786,200.029],[494.108,159.459]],"v":[[459.221,0.25],[40.047,0.25],[5.16,159.459],[43.647,200.028],[317.504,200.029],[317.505,200.029],[455.621,200.029],[494.108,159.459]],"c":true}]}],"ix":2},"nm":"Path 1","mn":"ADBE Vector Shape - Group","hd":false,"_render":true},{"ty":"fl","c":{"a":0,"k":[0.1608,0.149,0.1725,1],"ix":4},"o":{"a":0,"k":100,"ix":5},"r":1,"bm":0,"nm":"Fill 1","mn":"ADBE Vector Graphic - Fill","hd":false,"_render":true}],"ip":0,"op":249,"st":0,"bm":0,"completed":true}],"markers":[],"__complete":true}